INSERT INTO usuario (codigo, nome, email, senha) values (1, 'Administrador', 'admin@gmail.com', '$2a$10$hE3QoxJ46byUYqy.77McYOPZLogbuU8sE4LOKY2jWLPaJB/d2Qi76');
INSERT INTO usuario (codigo, nome, email, senha) values (2, 'Guilherme Alves', 'gui@gmail.com', '$2a$10$acMFWKNCbyFvAAXJLoI.neNvdmUTmi.80zrItUAkWJJI3gYmatMeO');

INSERT INTO permissao (codigo, descricao) values (1, 'ROLE_CADASTRAR_CATEGORIA');
INSERT INTO permissao (codigo, descricao) values (2, 'ROLE_PESQUISAR_CATEGORIA');

INSERT INTO permissao (codigo, descricao) values (3, 'ROLE_CADASTRAR_PESSOA');
INSERT INTO permissao (codigo, descricao) values (4, 'ROLE_REMOVER_PESSOA');
INSERT INTO permissao (codigo, descricao) values (5, 'ROLE_PESQUISAR_PESSOA');

INSERT INTO permissao (codigo, descricao) values (6, 'ROLE_CADASTRAR_LANCAMENTO');
INSERT INTO permissao (codigo, descricao) values (7, 'ROLE_REMOVER_LANCAMENTO');
INSERT INTO permissao (codigo, descricao) values (8, 'ROLE_PESQUISAR_LANCAMENTO');

-- admin
INSERT INTO usuario_permissao (codigo_usuario, codigo_permissao) values (1, 1);
INSERT INTO usuario_permissao (codigo_usuario, codigo_permissao) values (1, 2);
INSERT INTO usuario_permissao (codigo_usuario, codigo_permissao) values (1, 3);
INSERT INTO usuario_permissao (codigo_usuario, codigo_permissao) values (1, 4);
INSERT INTO usuario_permissao (codigo_usuario, codigo_permissao) values (1, 5);
INSERT INTO usuario_permissao (codigo_usuario, codigo_permissao) values (1, 6);
INSERT INTO usuario_permissao (codigo_usuario, codigo_permissao) values (1, 7);
INSERT INTO usuario_permissao (codigo_usuario, codigo_permissao) values (1, 8);

-- maria
INSERT INTO usuario_permissao (codigo_usuario, codigo_permissao) values (2, 2);
INSERT INTO usuario_permissao (codigo_usuario, codigo_permissao) values (2, 5);
INSERT INTO usuario_permissao (codigo_usuario, codigo_permissao) values (2, 8);